,preg,plas,pres,skin,test,mass,pedi,age
preg,1.0,0.15258958656866448,0.057327890738176825,0.3313571099202081,0.22107106945898305,0.1373372998283708,0.26351431982433376,0.4665813983068757
plas,0.15258958656866448,1.0,0.2073705384030703,0.08893337837319296,0.28180528884991074,0.04126494793009854,0.23952794642136382,0.06506835955033308
pres,0.057327890738176825,0.2073705384030703,1.0,0.4367825701200101,0.3925732041590375,0.18392757295416273,-0.11397026236774202,0.07475223191831948
skin,0.3313571099202081,0.08893337837319296,0.4367825701200101,1.0,0.1978590564931006,0.18507092916809925,-0.04216295473537666,0.13054795488404808
test,0.22107106945898305,0.28180528884991074,0.3925732041590375,0.1978590564931006,1.0,0.14064695254510545,0.036241870092294085,0.29269466264444666
mass,0.1373372998283708,0.04126494793009854,0.18392757295416273,0.18507092916809925,0.14064695254510545,1.0,0.03356131243480559,0.17384406565296076
pedi,0.26351431982433376,0.23952794642136382,-0.11397026236774202,-0.04216295473537666,0.036241870092294085,0.03356131243480559,1.0,0.23835598302719743
age,0.4665813983068757,0.06506835955033308,0.07475223191831948,0.13054795488404808,0.29269466264444666,0.17384406565296076,0.23835598302719743,1.0
